,Fold,Fold,Accuracy,Accuracy,Precision,Precision,Recall,Recall,F1 Score,F1 Score,Specificity,Specificity,AUC,AUC
,mean,std,mean,std,mean,std,mean,std,mean,std,mean,std,mean,std
Classifier,,,,,,,,,,,,,,
LR,4.5,3.0276503540974917,0.775974025974026,0.0298522368891848,0.7361510356401998,0.08728518722242692,0.5784900284900285,0.08094614360876207,0.6417378115058057,0.049270869319359804,0.882,0.05846176338238332,0.8318746438746439,0.049215928070864
RF,4.5,3.0276503540974917,0.7694976076555025,0.04922610261040089,0.6982158855637117,0.08740684511420871,0.6008547008547009,0.0929384535732791,0.6438280899557497,0.0820078713910655,0.86,0.04422166387140534,0.8262293447293448,0.05595693514813918
