,eps,min_samples,n_clusters,silouhette,ari
iteration_6,2.0,7,1,0.31226236771995824,0.09070345697747798
iteration_15,2.1,8,1,0.3350206898252706,0.08699126514307798
iteration_8,2.0,9,1,0.30545522376121725,0.08392697067785262
iteration_7,2.0,8,1,0.30545522376121725,0.08392697067785262
iteration_16,2.1,9,1,0.33165532781636764,0.08354317043106038
