,eps,min_samples,n_clusters,silouhette,ari
iteration_78,2.900000000000001,7,1,0.49388839095814935,0.018089629110454163
iteration_77,2.900000000000001,6,1,0.49388839095814935,0.018089629110454163
iteration_76,2.900000000000001,5,1,0.49388839095814935,0.018089629110454163
iteration_75,2.900000000000001,4,1,0.49388839095814935,0.018089629110454163
iteration_74,2.900000000000001,3,1,0.49388839095814935,0.018089629110454163
